<?xml version="1.0" encoding="UTF-8"?>
<project-private xmlns="http://www.netbeans.org/ns/project-private/1">
    <editor-bookmarks xmlns="http://www.netbeans.org/ns/editor-bookmarks/2" lastBookmarkId="0"/>
    <open-files xmlns="http://www.netbeans.org/ns/projectui-open-files/2">
        <group>
            <file>file:/C:/Users/ivan/Documents/NetBeansProjects/Bakery%20Shop%20Data%20Management%20System/src/datechooser/layout/CellLayout.java</file>
            <file>file:/C:/Users/ivan/Documents/NetBeansProjects/Bakery%20Shop%20Data%20Management%20System/src/datechooser/render/DefaultDateChooserRender.java</file>
            <file>file:/C:/Users/ivan/Documents/NetBeansProjects/Bakery%20Shop%20Data%20Management%20System/src/datechooser/layout/HeaderLayout.java</file>
            <file>file:/C:/Users/ivan/Documents/NetBeansProjects/Bakery%20Shop%20Data%20Management%20System/src/login.java</file>
            <file>file:/C:/Users/ivan/Documents/NetBeansProjects/Bakery%20Shop%20Data%20Management%20System/src/datechooser/listener/DateChooserAdapter.java</file>
            <file>file:/C:/Users/ivan/Documents/NetBeansProjects/Bakery%20Shop%20Data%20Management%20System/src/ReceiptWindow.java</file>
            <file>file:/C:/Users/ivan/Documents/NetBeansProjects/Bakery%20Shop%20Data%20Management%20System/src/METHODS/CHECKING.java</file>
            <file>file:/C:/Users/ivan/Documents/NetBeansProjects/Bakery%20Shop%20Data%20Management%20System/src/datechooser/listener/DateChooserListener.java</file>
            <file>file:/C:/Users/ivan/Documents/NetBeansProjects/Bakery%20Shop%20Data%20Management%20System/src/datechooser/listener/DateChooserAction.java</file>
            <file>file:/C:/Users/ivan/Documents/NetBeansProjects/Bakery%20Shop%20Data%20Management%20System/src/customer.java</file>
            <file>file:/C:/Users/ivan/Documents/NetBeansProjects/Bakery%20Shop%20Data%20Management%20System/src/dashboard.java</file>
            <file>file:/C:/Users/ivan/Documents/NetBeansProjects/Bakery%20Shop%20Data%20Management%20System/src/datechooser/render/DateChooserRender.java</file>
            <file>file:/C:/Users/ivan/Documents/NetBeansProjects/Bakery%20Shop%20Data%20Management%20System/src/DatabaseConnection.java</file>
            <file>file:/C:/Users/ivan/Documents/NetBeansProjects/Bakery%20Shop%20Data%20Management%20System/src/inventory.java</file>
            <file>file:/C:/Users/ivan/Documents/NetBeansProjects/Bakery%20Shop%20Data%20Management%20System/src/menu.java</file>
        </group>
    </open-files>
</project-private>
